Platform,URL,API,Pricing,Monthly Plans,Key Features,Best For,Latency,Compliance,Free Trial,White Label,Notes
Vapi AI,https://vapi.ai,Yes,"$0.05/min base + $0.15-$0.50/min total (includes STT, TTS, LLM, telephony)","Agency: $500/mo, Startup: $1,000/mo, Enterprise: Custom","Ultra-low latency, flexible integration, developer-focused, requires third-party services","Developers, tech companies with engineering resources",~1 second,HIPAA/SOC 2 ($1,000/mo add-on),"$10 credit (30-75 mins)",Unknown,"Complex pricing with 5+ invoices/month, $40K-$70K annual budget for enterprise"
Retell AI,https://www.retellai.com,Yes,Usage-based (not publicly disclosed),Contact for pricing,"800ms response time, turn-taking model, warm transfers, appointment scheduling, multilingual (18+ languages)","Contractors, service businesses, contact centers",~800ms,"SOC 2 Type 1&2, HIPAA, GDPR",Available,Yes (integration capabilities),"Excellent for contractor use case - scheduling, routing, 24/7 availability, integrates with Cal.com, Salesforce, HubSpot"
Bland AI,https://www.bland.ai,Yes,"$0.09/min + $0.015 outbound attempt fee + $0.02/SMS + $0.025/min transfers","Free tier, up to $499/mo, Enterprise custom","Voice cloning, webhook triggers, mid-call API access, multilingual, workflow automation","Large tech teams, high-volume enterprise",~1-2 seconds,Enterprise-grade,Free plan available,Limited,"True cost $200-$300/mo with add-ons (voice cloning, GPT-4, transcription). NOT ideal for small businesses or resellers"
Synthflow AI,https://synthflow.ai,Yes,"$0.08/min (all-inclusive: voice, testing, multilingual, LLM)","Volume discounts: $0.12/min at 20K mins, $0.07/min at 400K+ mins","No-code platform, 130+ integrations (Zapier, Salesforce, HubSpot), appointment scheduling, lead qualification","Agencies, contractors, small-medium businesses",~1-2 seconds,Enterprise-grade,Available,Yes (Agency program),"Best no-code option, $15K/year minimum budget, excellent for contractor answering service"
My AI Front Desk,https://www.myaifrontdesk.com,Limited,$79/month flat rate,$79/mo (all-inclusive),"5-minute setup, appointment scheduling, Q&A automation, calendar integration","Small businesses, salons, clinics, contractors",Standard,Standard business,Yes,No,"BEST VALUE for simple contractor use case - fixed $79/mo pricing, ultra-simple setup"
Goodcall,https://www.goodcall.com,Limited,Subscription-based (pricing not public),Contact for pricing,"Skills/flows/documents system, Google hackathon origin, backed by top investors",Service businesses,Standard,Standard,Available,Unknown,"Good for service CX, custom response control"
ElevenLabs,https://elevenlabs.io,Yes,"TTS pricing varies by plan, Conversational AI separate",Multiple tiers from free to enterprise,"Ultra-realistic voice synthesis, voice cloning, emotional tone control, 29+ languages, 400ms API response","Premium voice quality needs, content creators, enterprises","~400ms (TTS), 1-3s (Conversational AI)",Enterprise,Yes,Via API integration,"Industry-leading voice quality, owns TTS/STT models in-house, can be integrated with other platforms like Voiceflow"
Voiceflow,https://www.voiceflow.com,Yes,Freemium model, paid plans available,"Free, Pro, Team, Enterprise (custom)","Visual conversation builder, collaborative design platform, prototyping, no-code/low-code","Product teams, designers, rapid prototyping",1-3 seconds (depends on integrations),Enterprise options,Free tier available,Via custom deployment,"Best for building/testing conversational interfaces before deployment, integrates with ElevenLabs for voice"
Smith.ai,https://smith.ai,No (service-based),Plans from $240/mo,$240/mo - $900+/mo,"AI + live North American receptionists, call answering, intake, scheduling",Small businesses wanting human backup,Human-assisted,Business standard,14-day trial,No,"Hybrid AI + human model since 2015, NOT pure API - managed service"
Upfirst,https://upfirst.ai,Limited,Starting at $14/month,Tiered pricing from $14/mo,"Google Calendar integration, call summaries, low latency, natural AI",Budget-conscious small businesses,Low,Standard,Yes,No,"Most affordable option, good for basic appointment setting"
GoTo Connect,https://www.goto.com/connect,Limited,Part of GoTo Connect subscription,Contact for pricing,"Call routing, real-time reporting, 10+ languages, customizable tone, CRM integration",SMBs needing full business phone system,Standard,Enterprise,Yes,No,"Part of broader business communication platform, not standalone API"
CloudTalk,https://www.cloudtalk.io,Yes (business phone API),Call center pricing model,"Starter: $25/user/mo, Essential: $30/user/mo, Expert: $50/user/mo","Customizable AI receptionist, smart routing, CRM integration, local presence",SMBs with existing call center needs,Standard,"GDPR, enterprise",14-day trial,Limited,"Business phone platform with AI features, not pure voice AI"
